{"cameraMode":{"drawMode":0,"name":"Shaded","section":"Shading Mode"},"sceneLighting":true,"audioPlay":false,"sceneViewState":{"m_AlwaysRefresh":false,"showFog":true,"showSkybox":true,"showFlares":true,"showImageEffects":true,"showParticleSystems":true,"showVisualEffectGraphs":true,"m_FxEnabled":true},"in2DMode":false,"pivot":{"x":1.164323329925537,"y":0.11939749866724014,"z":-1.7321183681488038},"rotation":{"x":0.005626054480671883,"y":-0.34748849272727969,"z":0.002084959764033556,"w":0.9376657009124756},"size":0.3999364972114563,"orthographic":false}