{"cameraMode":{"drawMode":0,"name":"Shaded","section":"Shading Mode"},"sceneLighting":false,"audioPlay":false,"sceneViewState":{"m_AlwaysRefresh":false,"showFog":true,"showSkybox":false,"showFlares":true,"showImageEffects":true,"showParticleSystems":true,"showVisualEffectGraphs":true,"m_FxEnabled":true},"in2DMode":false,"pivot":{"x":-0.37210988998413088,"y":-1.3722679615020753,"z":1.4101752042770386},"rotation":{"x":-0.017191598191857339,"y":-0.471771240234375,"z":-0.009200533851981163,"w":0.8815089464187622},"size":0.8660253882408142,"orthographic":false}